<?xml version="1.0" encoding="utf-8" ?>
<hooks>
	<hook name="ShowWindow">user32.dll!ShowWindow</hook>
	<hook name="SendMessage">user32.dll!SendMessageA</hook>
	<hook name="SendMessage">user32.dll!SendMessageW</hook>
	<hook name="PostMessage">user32.dll!PostMessageA</hook>
	<hook name="PostMessage">user32.dll!PostMessageW</hook>
	<hook name="LoadResource">kernel32.dll!LoadResource</hook>
	<hook name="FindResource">kernel32.dll!FindResourceA</hook>
	<hook name="FindResource">kernel32.dll!FindResourceW</hook>
	<hook name="FindResource">kernel32.dll!FindResourceExA</hook>
	<hook name="FindResource">kernel32.dll!FindResourceExW</hook>
	<hook name="PrintDlg">comdlg32.dll!PrintDlgExA</hook>
	<hook name="PrintDlg">comdlg32.dll!PrintDlgExW</hook>
	<hook name="PrintDlg">comdlg32.dll!PrintDlgA</hook>
	<hook name="PrintDlg">comdlg32.dll!PrintDlgW</hook>
	<hook name="FindText">comdlg32.dll!FindTextA</hook>
	<hook name="FindText">comdlg32.dll!FindTextW</hook>
	<hook name="ReplaceText">comdlg32.dll!ReplaceTextA</hook>
	<hook name="ReplaceText">comdlg32.dll!ReplaceTextW</hook>
	<hook name="ChooseColor">comdlg32.dll!ChooseColorA</hook>
	<hook name="ChooseColor">comdlg32.dll!ChooseColorW</hook>
	<hook name="ChooseFont">comdlg32.dll!ChooseFontA</hook>
	<hook name="ChooseFont">comdlg32.dll!ChooseFontW</hook>
	<hook name="PageSetupDlg">comdlg32.dll!PageSetupDlgA</hook>
	<hook name="PageSetupDlg">comdlg32.dll!PageSetupDlgW</hook>
	<hook name="GetFileTitle">comdlg32.dll!GetFileTitleA</hook>
	<hook name="GetFileTitle">comdlg32.dll!GetFileTitleW</hook>
	<hook name="GetOpenFileName">comdlg32.dll!GetOpenFileNameA</hook>
	<hook name="GetOpenFileName">comdlg32.dll!GetOpenFileNameW</hook>
	<hook name="GetSaveFileName">comdlg32.dll!GetSaveFileNameA</hook>
	<hook name="GetSaveFileName">comdlg32.dll!GetSaveFileNameW</hook>
	<hook name="AsyncInstallDistributionUnit">urlmon.dll!AsyncInstallDistributionUnit</hook>
	<hook name="CoGetClassObjectFromURL">urlmon.dll!CoGetClassObjectFromURL</hook>
	<hook name="CoInternetCombineIUri">urlmon.dll!CoInternetCombineIUri</hook>
	<hook name="CoInternetCombineUrl">urlmon.dll!CoInternetCombineUrl</hook>
	<hook name="CoInternetCombineUrlEx">urlmon.dll!CoInternetCombineUrlEx</hook>
	<hook name="CoInternetCompareUrl">urlmon.dll!CoInternetCompareUrl</hook>
	<hook name="CoInternetParseIUri">urlmon.dll!CoInternetParseIUri</hook>
	<hook name="CoInternetParseUrl">urlmon.dll!CoInternetParseUrl</hook>
	<hook name="CoInternetQueryInfo">urlmon.dll!CoInternetQueryInfo</hook>
	<hook name="CompareSecurityIds">urlmon.dll!CompareSecurityIds</hook>
	<hook name="CompatFlagsFromClsid">urlmon.dll!CompatFlagsFromClsid</hook>
	<hook name="CopyBindInfo">urlmon.dll!CopyBindInfo</hook>
	<hook name="CopyStgMedium">urlmon.dll!CopyStgMedium</hook>
	<hook name="CreateAsyncBindCtx">urlmon.dll!CreateAsyncBindCtx</hook>
	<hook name="CreateAsyncBindCtxEx">urlmon.dll!CreateAsyncBindCtxEx</hook>
	<hook name="CreateFormatEnumerator">urlmon.dll!CreateFormatEnumerator</hook>
	<hook name="CreateIUriBuilder">urlmon.dll!CreateIUriBuilder</hook>
	<hook name="CreateUri">urlmon.dll!CreateUri</hook>
	<hook name="CreateUriFromMultiByteString">urlmon.dll!CreateUriFromMultiByteString</hook>
	<hook name="CreateUriWithFragment">urlmon.dll!CreateUriWithFragment</hook>
	<hook name="CreateURLMoniker">urlmon.dll!CreateURLMoniker</hook>
	<hook name="CreateURLMonikerEx">urlmon.dll!CreateURLMonikerEx</hook>
	<hook name="CreateURLMonikerEx2">urlmon.dll!CreateURLMonikerEx2</hook>
	<hook name="FaultInIEFeature">urlmon.dll!FaultInIEFeature</hook>
	<hook name="FindMediaType">urlmon.dll!FindMediaType</hook>
	<hook name="FindMediaTypeClass">urlmon.dll!FindMediaTypeClass</hook>
	<hook name="FindMimeFromData">urlmon.dll!FindMimeFromData</hook>
	<hook name="GetClassFileOrMime">urlmon.dll!GetClassFileOrMime</hook>
	<hook name="GetComponentIDFromCLSSPEC">urlmon.dll!GetComponentIDFromCLSSPEC</hook>
	<hook name="IEInstallScope">urlmon.dll!IEInstallScope</hook>
	<hook name="FindMediaType">urlmon.dll!FindMediaType</hook>
	<hook name="IsAsyncMoniker">urlmon.dll!IsAsyncMoniker</hook>
	<hook name="IsValidURL">urlmon.dll!IsValidURL</hook>
	<hook name="MkParseDisplayNameEx">urlmon.dll!MkParseDisplayNameEx</hook>
	<hook name="ObtainUserAgentString">urlmon.dll!ObtainUserAgentString</hook>
	<hook name="RegisterBindStatusCallback">urlmon.dll!RegisterBindStatusCallback</hook>
	<hook name="RegisterFormatEnumerator">urlmon.dll!RegisterFormatEnumerator</hook>
	<hook name="RegisterMediaTypeClass">urlmon.dll!RegisterMediaTypeClass</hook>
	<hook name="RegisterMediaTypes">urlmon.dll!RegisterMediaTypes</hook>
	<hook name="ReleaseBindInfo">urlmon.dll!ReleaseBindInfo</hook>
	<hook name="RevokeBindStatusCallback">urlmon.dll!RevokeBindStatusCallback</hook>
	<hook name="RevokeFormatEnumerator">urlmon.dll!RevokeFormatEnumerator</hook>
	<hook name="URLDownloadToCacheFile">urlmon.dll!URLDownloadToCacheFile</hook>
	<hook name="URLDownloadToFile">urlmon.dll!URLDownloadToFile</hook>
	<hook name="UrlMkGetSessionOption">urlmon.dll!UrlMkGetSessionOption</hook>
	<hook name="UrlMkSetSessionOption">urlmon.dll!UrlMkSetSessionOption</hook>
	<hook name="URLOpenBlockingStream">urlmon.dll!URLOpenBlockingStream</hook>
	<hook name="URLOpenPullStream">urlmon.dll!URLOpenPullStream</hook>
	<hook name="URLOpenStream">urlmon.dll!URLOpenStream</hook>
	<hook name="AssocCreateForClasses">shell32.dll!AssocCreateForClasses</hook>
	<hook name="AssocGetDetailsOfPropKey">shell32.dll!AssocGetDetailsOfPropKey</hook>
	<hook name="CDefFolderMenu_Create">shell32.dll!CDefFolderMenu_Create2</hook>
	<hook name="CIDLData_CreateFromIDArray">shell32.dll!CIDLData_CreateFromIDArray</hook>
	<hook name="CommandLineToArgv">shell32.dll!CommandLineToArgvW</hook>
	<hook name="DAD_AutoScroll">shell32.dll!DAD_AutoScroll</hook>
	<hook name="DAD_DragEnterEx">shell32.dll!DAD_DragEnterEx</hook>
	<hook name="DAD_DragEnterEx">shell32.dll!DAD_DragEnterEx2</hook>
	<hook name="DAD_DragLeave">shell32.dll!DAD_DragLeave</hook>
	<hook name="DAD_DragMove">shell32.dll!DAD_DragMove</hook>
	<hook name="DAD_SetDragImage">shell32.dll!DAD_SetDragImage</hook>
	<hook name="DAD_ShowDragImage">shell32.dll!DAD_ShowDragImage</hook>
	<hook name="DllCanUnloadNow">shell32.dll!DllCanUnloadNow</hook>
	<hook name="DllGetClassObject">shell32.dll!DllGetClassObject</hook>
	<hook name="DllInstall">shell32.dll!DllInstall</hook>
	<hook name="DoEnvironmentSubst">shell32.dll!DoEnvironmentSubstA</hook>
	<hook name="DoEnvironmentSubst">shell32.dll!DoEnvironmentSubstW</hook>
	<hook name="DragAcceptFiles">shell32.dll!DragAcceptFiles</hook>
	<hook name="DragFinish">shell32.dll!DragFinish</hook>
	<hook name="DragQueryFile">shell32.dll!DragQueryFileA</hook>
	<hook name="DragQueryFile">shell32.dll!DragQueryFileW</hook>
	<hook name="DragQueryPoint">shell32.dll!DragQueryPoint</hook>
	<hook name="DriveType">shell32.dll!DriveType</hook>
	<hook name="DuplicateIcon">shell32.dll!DuplicateIcon</hook>
	<hook name="ExtractAssociatedIcon">shell32.dll!ExtractAssociatedIconA</hook>
	<hook name="ExtractAssociatedIcon">shell32.dll!ExtractAssociatedIconExA</hook>
	<hook name="ExtractAssociatedIcon">shell32.dll!ExtractAssociatedIconExW</hook>
	<hook name="ExtractAssociatedIcon">shell32.dll!ExtractAssociatedIconW</hook>
	<hook name="ExtractIcon">shell32.dll!ExtractIconA</hook>
	<hook name="ExtractIcon">shell32.dll!ExtractIconExA</hook>
	<hook name="ExtractIcon">shell32.dll!ExtractIconExW</hook>
	<hook name="ExtractIcon">shell32.dll!ExtractIconW</hook>
	<hook name="FindExecutable">shell32.dll!FindExecutableA</hook>
	<hook name="FindExecutable">shell32.dll!FindExecutableW</hook>
	<hook name="GetCurrentProcessExplicitAppUserModelID">shell32.dll!GetCurrentProcessExplicitAppUserModelID</hook>
	<hook name="GetFileNameFromBrowse">shell32.dll!GetFileNameFromBrowse</hook>
	<!--
	<hook name="ILAppendID">shell32.dll!ILAppendID</hook>
	<hook name="ILClone">shell32.dll!ILClone</hook>
	<hook name="ILCloneFirst">shell32.dll!ILCloneFirst</hook>
	<hook name="ILCombine">shell32.dll!ILCombine</hook>
	-->
	<hook name="ILCreateFromPath">shell32.dll!ILCreateFromPathA</hook>
	<hook name="ILCreateFromPath">shell32.dll!ILCreateFromPathW</hook>
	<!--
	<hook name="ILFindChild">shell32.dll!ILFindChild</hook>
	<hook name="ILFindLastID">shell32.dll!ILFindLastID</hook>
	<hook name="ILFree">shell32.dll!ILFree</hook>
	<hook name="ILGetNext">shell32.dll!ILGetNext</hook>
	<hook name="ILGetSize">shell32.dll!ILGetSize</hook>
	<hook name="ILIsEqual">shell32.dll!ILIsEqual</hook>
	<hook name="ILIsParent">shell32.dll!ILIsParent</hook>
	<hook name="ILLoadFromStreamEx">shell32.dll!ILLoadFromStreamEx</hook>
	<hook name="ILRemoveLastID">shell32.dll!ILRemoveLastID</hook>
	<hook name="ILSaveToStream">shell32.dll!ILSaveToStream</hook>
	-->
	<hook name="InitNetworkAddressControl">shell32.dll!InitNetworkAddressControl</hook>
	<hook name="IsLFNDrive">shell32.dll!IsLFNDriveA</hook>
	<hook name="IsLFNDrive">shell32.dll!IsLFNDriveW</hook>
	<hook name="IsNetDrive">shell32.dll!IsNetDrive</hook>
	<hook name="IsUserAnAdmin">shell32.dll!IsUserAnAdmin</hook>
	<hook name="OpenRegStream">shell32.dll!OpenRegStream</hook>
	<hook name="PathCleanupSpec">shell32.dll!PathCleanupSpec</hook>
	<hook name="PathGetShortPath">shell32.dll!PathGetShortPath</hook>
	<hook name="PathIsExe">shell32.dll!PathIsExe</hook>
	<hook name="PathIsSlow">shell32.dll!PathIsSlowA</hook>
	<hook name="PathIsSlow">shell32.dll!PathIsSlowW</hook>
	<hook name="PathMakeUniqueName">shell32.dll!PathMakeUniqueName</hook>
	<hook name="PathQualify">shell32.dll!PathQualify</hook>
	<hook name="PathResolve">shell32.dll!PathResolve</hook>
	<hook name="PathYetAnotherMakeUniqueName">shell32.dll!PathYetAnotherMakeUniqueName</hook>
	<hook name="PickIconDlg">shell32.dll!PickIconDlg</hook>
	<hook name="PifMgr_CloseProperties">shell32.dll!PifMgr_CloseProperties</hook>
	<hook name="PifMgr_GetProperties">shell32.dll!PifMgr_GetProperties</hook>
	<hook name="PifMgr_OpenProperties">shell32.dll!PifMgr_OpenProperties</hook>
	<hook name="PifMgr_SetProperties">shell32.dll!PifMgr_SetProperties</hook>
	<hook name="ReadCabinetState">shell32.dll!ReadCabinetState</hook>
	<hook name="RealDriveType">shell32.dll!RealDriveType</hook>
	<hook name="RestartDialog">shell32.dll!RestartDialog</hook>
	<hook name="RestartDialogEx">shell32.dll!RestartDialogEx</hook>
	<hook name="SHAddDefaultPropertiesByExt">shell32.dll!SHAddDefaultPropertiesByExt</hook>
	<hook name="SHAddFromPropSheetExtArray">shell32.dll!SHAddFromPropSheetExtArray</hook>
	<hook name="SHAddToRecentDocs">shell32.dll!SHAddToRecentDocs</hook>
	<!--
	<hook name="SHAlloc">shell32.dll!SHAlloc</hook>
	-->
	<hook name="SHAppBarMessage">shell32.dll!SHAppBarMessage</hook>
	<hook name="SHAssocEnumHandlers">shell32.dll!SHAssocEnumHandlers</hook>
	<hook name="SHBindToFolderIDListParent">shell32.dll!SHBindToFolderIDListParent</hook>
	<hook name="SHBindToFolderIDListParentEx">shell32.dll!SHBindToFolderIDListParentEx</hook>
	<hook name="SHBindToObject">shell32.dll!SHBindToObject</hook>
	<hook name="SHBindToParent">shell32.dll!SHBindToParent</hook>
	<hook name="SHBrowseForFolder">shell32.dll!SHBrowseForFolderA</hook>
	<hook name="SHBrowseForFolder">shell32.dll!SHBrowseForFolderW</hook>
	<hook name="SHCLSIDFromString">shell32.dll!SHCLSIDFromString</hook>
	<hook name="SHChangeNotification_Lock">shell32.dll!SHChangeNotification_Lock</hook>
	<hook name="SHChangeNotification_Unlock">shell32.dll!SHChangeNotification_Unlock</hook>
	<hook name="SHChangeNotify">shell32.dll!SHChangeNotify</hook>
	<hook name="SHChangeNotifyDeregister">shell32.dll!SHChangeNotifyDeregister</hook>
	<hook name="SHChangeNotifyRegister">shell32.dll!SHChangeNotifyRegister</hook>
	<hook name="SHChangeNotifyRegisterThread">shell32.dll!SHChangeNotifyRegisterThread</hook>
	<hook name="SHCloneSpecialIDList">shell32.dll!SHCloneSpecialIDList</hook>
	<hook name="SHCoCreateInstance">shell32.dll!SHCoCreateInstance</hook>
	<hook name="SHCreateAssociationRegistration">shell32.dll!SHCreateAssociationRegistration</hook>
	<hook name="SHCreateDataObject">shell32.dll!SHCreateDataObject</hook>
	<hook name="SHCreateDefaultContextMenu">shell32.dll!SHCreateDefaultContextMenu</hook>
	<hook name="SHCreateDefaultExtractIcon">shell32.dll!SHCreateDefaultExtractIcon</hook>
	<hook name="SHCreateDefaultPropertiesOp">shell32.dll!SHCreateDefaultPropertiesOp</hook>
	<hook name="SHCreateDirectory">shell32.dll!SHCreateDirectory</hook>
	<hook name="SHCreateDirectory">shell32.dll!SHCreateDirectoryExA</hook>
	<hook name="SHCreateDirectory">shell32.dll!SHCreateDirectoryExW</hook>
	<hook name="SHCreateFileExtractIcon">shell32.dll!SHCreateFileExtractIconW</hook>
	<hook name="SHCreateItemFromIDList">shell32.dll!SHCreateItemFromIDList</hook>
	<hook name="SHCreateItemFromParsingName">shell32.dll!SHCreateItemFromParsingName</hook>
	<hook name="SHCreateItemFromRelativeName">shell32.dll!SHCreateItemFromRelativeName</hook>
	<hook name="SHCreateItemInKnownFolder">shell32.dll!SHCreateItemInKnownFolder</hook>
	<hook name="SHCreateItemWithParent">shell32.dll!SHCreateItemWithParent</hook>
	<hook name="SHCreateProcessAsUser">shell32.dll!SHCreateProcessAsUserW</hook>
	<hook name="SHCreatePropSheetExtArray">shell32.dll!SHCreatePropSheetExtArray</hook>
	<hook name="SHCreateQueryCancelAutoPlayMoniker">shell32.dll!SHCreateQueryCancelAutoPlayMoniker</hook>
	<hook name="SHCreateShellFolderView">shell32.dll!SHCreateShellFolderView</hook>
	<hook name="SHCreateShellFolderViewEx">shell32.dll!SHCreateShellFolderViewEx</hook>
	<hook name="SHCreateShellItem">shell32.dll!SHCreateShellItem</hook>
	<hook name="SHCreateShellItemArray">shell32.dll!SHCreateShellItemArray</hook>
	<hook name="SHCreateShellItemArrayFromDataObject">shell32.dll!SHCreateShellItemArrayFromDataObject</hook>
	<hook name="SHCreateShellItemArrayFromIDLists">shell32.dll!SHCreateShellItemArrayFromIDLists</hook>
	<hook name="SHCreateShellItemArrayFromShellItem">shell32.dll!SHCreateShellItemArrayFromShellItem</hook>
	<hook name="SHCreateStdEnumFmtEtc">shell32.dll!SHCreateStdEnumFmtEtc</hook>
	<hook name="SHDefExtractIcon">shell32.dll!SHDefExtractIconA</hook>
	<hook name="SHDefExtractIcon">shell32.dll!SHDefExtractIconW</hook>
	<hook name="SHDestroyPropSheetExtArray">shell32.dll!SHDestroyPropSheetExtArray</hook>
	<hook name="SHDoDragDrop">shell32.dll!SHDoDragDrop</hook>
	<hook name="SHEmptyRecycleBin">shell32.dll!SHEmptyRecycleBinA</hook>
	<hook name="SHEmptyRecycleBin">shell32.dll!SHEmptyRecycleBinW</hook>
	<hook name="SHEnumerateUnreadMailAccounts">shell32.dll!SHEnumerateUnreadMailAccountsW</hook>
	<hook name="SHEvaluateSystemCommandTemplate">shell32.dll!SHEvaluateSystemCommandTemplate</hook>
	<hook name="SHFileOperation">shell32.dll!SHFileOperationA</hook>
	<hook name="SHFileOperation">shell32.dll!SHFileOperationW</hook>
	<hook name="SHFindFiles">shell32.dll!SHFindFiles</hook>
	<hook name="SHFind_InitMenuPopup">shell32.dll!SHFind_InitMenuPopup</hook>
	<hook name="SHFlushSFCache">shell32.dll!SHFlushSFCache</hook>
	<hook name="SHFormatDrive">shell32.dll!SHFormatDrive</hook>
	<!--
	<hook name="SHFree">shell32.dll!SHFree</hook>
	-->
	<hook name="SHFreeNameMappings">shell32.dll!SHFreeNameMappings</hook>
	<hook name="SHGetAttributesFromDataObject">shell32.dll!SHGetAttributesFromDataObject</hook>
	<hook name="SHGetDataFromIDList">shell32.dll!SHGetDataFromIDListA</hook>
	<hook name="SHGetDataFromIDList">shell32.dll!SHGetDataFromIDListW</hook>
	<hook name="SHGetDesktopFolder">shell32.dll!SHGetDesktopFolder</hook>
	<hook name="SHGetDiskFreeSpace">shell32.dll!SHGetDiskFreeSpaceExA</hook>
	<hook name="SHGetDiskFreeSpace">shell32.dll!SHGetDiskFreeSpaceExW</hook>
	<hook name="SHGetDriveMedia">shell32.dll!SHGetDriveMedia</hook>
	<hook name="SHGetFileInfo">shell32.dll!SHGetFileInfoA</hook>
	<hook name="SHGetFileInfo">shell32.dll!SHGetFileInfoW</hook>
	<hook name="SHGetFolderLocation">shell32.dll!SHGetFolderLocation</hook>
	<hook name="SHGetFolderPath">shell32.dll!SHGetFolderPathA</hook>
	<hook name="SHGetFolderPathAndSubDir">shell32.dll!SHGetFolderPathAndSubDirA</hook>
	<hook name="SHGetFolderPathAndSubDir">shell32.dll!SHGetFolderPathAndSubDirW</hook>
	<hook name="SHGetFolderPath">shell32.dll!SHGetFolderPathW</hook>
	<hook name="SHGetIDListFromObject">shell32.dll!SHGetIDListFromObject</hook>
	<hook name="SHGetIconOverlayIndex">shell32.dll!SHGetIconOverlayIndexA</hook>
	<hook name="SHGetIconOverlayIndex">shell32.dll!SHGetIconOverlayIndexW</hook>
	<hook name="SHGetImageList">shell32.dll!SHGetImageList</hook>
	<hook name="SHGetInstanceExplorer">shell32.dll!SHGetInstanceExplorer</hook>
	<hook name="SHGetKnownFolderIDList">shell32.dll!SHGetKnownFolderIDList</hook>
	<hook name="SHGetKnownFolderPath">shell32.dll!SHGetKnownFolderPath</hook>
	<hook name="SHGetLocalizedName">shell32.dll!SHGetLocalizedName</hook>
	<hook name="SHGetMalloc">shell32.dll!SHGetMalloc</hook>
	<hook name="SHGetNameFromIDList">shell32.dll!SHGetNameFromIDList</hook>
	<hook name="SHGetNewLinkInfo">shell32.dll!SHGetNewLinkInfoA</hook>
	<hook name="SHGetNewLinkInfo">shell32.dll!SHGetNewLinkInfoW</hook>
	<hook name="SHGetPathFromIDList">shell32.dll!SHGetPathFromIDListA</hook>
	<hook name="SHGetPathFromIDListEx">shell32.dll!SHGetPathFromIDListEx</hook>
	<hook name="SHGetPathFromIDList">shell32.dll!SHGetPathFromIDListW</hook>
	<hook name="SHGetPropertyStoreForWindow">shell32.dll!SHGetPropertyStoreForWindow</hook>
	<hook name="SHGetPropertyStoreFromIDList">shell32.dll!SHGetPropertyStoreFromIDList</hook>
	<hook name="SHGetPropertyStoreFromParsingName">shell32.dll!SHGetPropertyStoreFromParsingName</hook>
	<hook name="SHGetRealIDL">shell32.dll!SHGetRealIDL</hook>
	<hook name="SHGetSetFolderCustomSettings">shell32.dll!SHGetSetFolderCustomSettings</hook>
	<hook name="SHGetSetSettings">shell32.dll!SHGetSetSettings</hook>
	<hook name="SHGetSettings">shell32.dll!SHGetSettings</hook>
	<hook name="SHGetSpecialFolderLocation">shell32.dll!SHGetSpecialFolderLocation</hook>
	<hook name="SHGetSpecialFolderPath">shell32.dll!SHGetSpecialFolderPathA</hook>
	<hook name="SHGetSpecialFolderPath">shell32.dll!SHGetSpecialFolderPathW</hook>
	<hook name="SHGetStockIconInfo">shell32.dll!SHGetStockIconInfo</hook>
	<hook name="SHGetTemporaryPropertyForItem">shell32.dll!SHGetTemporaryPropertyForItem</hook>
	<hook name="SHGetUnreadMailCount">shell32.dll!SHGetUnreadMailCountW</hook>
	<hook name="SHHandleUpdateImage">shell32.dll!SHHandleUpdateImage</hook>
	<hook name="SHILCreateFromPath">shell32.dll!SHILCreateFromPath</hook>
	<hook name="SHInvokePrinterCommand">shell32.dll!SHInvokePrinterCommandA</hook>
	<hook name="SHInvokePrinterCommand">shell32.dll!SHInvokePrinterCommandW</hook>
	<hook name="SHIsFileAvailableOffline">shell32.dll!SHIsFileAvailableOffline</hook>
	<hook name="SHLimitInputEdit">shell32.dll!SHLimitInputEdit</hook>
	<hook name="SHLoadInProc">shell32.dll!SHLoadInProc</hook>
	<hook name="SHLoadNonloadedIconOverlayIdentifiers">shell32.dll!SHLoadNonloadedIconOverlayIdentifiers</hook>
	<hook name="SHMapPIDLToSystemImageListIndex">shell32.dll!SHMapPIDLToSystemImageListIndex</hook>
	<hook name="SHMultiFileProperties">shell32.dll!SHMultiFileProperties</hook>
	<hook name="SHObjectProperties">shell32.dll!SHObjectProperties</hook>
	<hook name="SHOpenFolderAndSelectItems">shell32.dll!SHOpenFolderAndSelectItems</hook>
	<hook name="SHOpenPropSheet">shell32.dll!SHOpenPropSheetW</hook>
	<hook name="SHOpenWithDialog">shell32.dll!SHOpenWithDialog</hook>
	<hook name="SHParseDisplayName">shell32.dll!SHParseDisplayName</hook>
	<hook name="SHPathPrepareForWrite">shell32.dll!SHPathPrepareForWriteA</hook>
	<hook name="SHPathPrepareForWrite">shell32.dll!SHPathPrepareForWriteW</hook>
	<hook name="SHPropStgCreate">shell32.dll!SHPropStgCreate</hook>
	<hook name="SHPropStgReadMultiple">shell32.dll!SHPropStgReadMultiple</hook>
	<hook name="SHPropStgWriteMultiple">shell32.dll!SHPropStgWriteMultiple</hook>
	<hook name="SHQueryRecycleBin">shell32.dll!SHQueryRecycleBinA</hook>
	<hook name="SHQueryRecycleBin">shell32.dll!SHQueryRecycleBinW</hook>
	<hook name="SHQueryUserNotificationState">shell32.dll!SHQueryUserNotificationState</hook>
	<hook name="SHRemoveLocalizedName">shell32.dll!SHRemoveLocalizedName</hook>
	<hook name="SHReplaceFromPropSheetExtArray">shell32.dll!SHReplaceFromPropSheetExtArray</hook>
	<hook name="SHRestricted">shell32.dll!SHRestricted</hook>
	<hook name="SHSetDefaultProperties">shell32.dll!SHSetDefaultProperties</hook>
	<hook name="SHSetFolderPath">shell32.dll!SHSetFolderPathA</hook>
	<hook name="SHSetFolderPath">shell32.dll!SHSetFolderPathW</hook>
	<hook name="SHSetInstanceExplorer">shell32.dll!SHSetInstanceExplorer</hook>
	<hook name="SHSetKnownFolderPath">shell32.dll!SHSetKnownFolderPath</hook>
	<hook name="SHSetLocalizedName">shell32.dll!SHSetLocalizedName</hook>
	<hook name="SHSetTemporaryPropertyForItem">shell32.dll!SHSetTemporaryPropertyForItem</hook>
	<hook name="SHSetUnreadMailCount">shell32.dll!SHSetUnreadMailCountW</hook>
	<hook name="SHShellFolderView_Message">shell32.dll!SHShellFolderView_Message</hook>
	<hook name="SHSimpleIDListFromPath">shell32.dll!SHSimpleIDListFromPath</hook>
	<hook name="SHStartNetConnectionDialog">shell32.dll!SHStartNetConnectionDialogW</hook>
	<hook name="SHTestTokenMembership">shell32.dll!SHTestTokenMembership</hook>
	<hook name="SHUpdateImage">shell32.dll!SHUpdateImageA</hook>
	<hook name="SHUpdateImage">shell32.dll!SHUpdateImageW</hook>
	<hook name="SHValidateUNC">shell32.dll!SHValidateUNC</hook>
	<hook name="SetCurrentProcessExplicitAppUserModelID">shell32.dll!SetCurrentProcessExplicitAppUserModelID</hook>
	<hook name="ShellAbout">shell32.dll!ShellAboutA</hook>
	<hook name="ShellAbout">shell32.dll!ShellAboutW</hook>
	<hook name="ShellExecute">shell32.dll!ShellExecuteA</hook>
	<hook name="ShellExecute">shell32.dll!ShellExecuteExA</hook>
	<hook name="ShellExecute">shell32.dll!ShellExecuteExW</hook>
	<hook name="ShellExecute">shell32.dll!ShellExecuteW</hook>
	<hook name="Shell_GetCachedImageIndex">shell32.dll!Shell_GetCachedImageIndex</hook>
	<hook name="Shell_GetCachedImageIndex">shell32.dll!Shell_GetCachedImageIndexA</hook>
	<hook name="Shell_GetCachedImageIndex">shell32.dll!Shell_GetCachedImageIndexW</hook>
	<hook name="Shell_GetImageLists">shell32.dll!Shell_GetImageLists</hook>
	<hook name="Shell_MergeMenus">shell32.dll!Shell_MergeMenus</hook>
	<hook name="Shell_NotifyIcon">shell32.dll!Shell_NotifyIconA</hook>
	<hook name="Shell_NotifyIcon">shell32.dll!Shell_NotifyIconW</hook>
	<hook name="SignalFileOpen">shell32.dll!SignalFileOpen</hook>
	<!--
	<hook name="StrChr">shell32.dll!StrChrA</hook>
	<hook name="StrChrI">shell32.dll!StrChrIA</hook>
	<hook name="StrChrI">shell32.dll!StrChrIW</hook>
	<hook name="StrChr">shell32.dll!StrChrW</hook>
	<hook name="StrCmpN">shell32.dll!StrCmpNA</hook>
	<hook name="StrCmpNI">shell32.dll!StrCmpNIA</hook>
	<hook name="StrCmpNI">shell32.dll!StrCmpNIW</hook>
	<hook name="StrCmpN">shell32.dll!StrCmpNW</hook>
	<hook name="StrRChr">shell32.dll!StrRChrA</hook>
	<hook name="StrRChrI">shell32.dll!StrRChrIA</hook>
	<hook name="StrRChrI">shell32.dll!StrRChrIW</hook>
	<hook name="StrRChr">shell32.dll!StrRChrW</hook>
	<hook name="StrRStrI">shell32.dll!StrRStrIA</hook>
	<hook name="StrRStrI">shell32.dll!StrRStrIW</hook>
	<hook name="StrStr">shell32.dll!StrStrA</hook>
	<hook name="StrStrI">shell32.dll!StrStrIA</hook>
	<hook name="StrStrI">shell32.dll!StrStrIW</hook>
	<hook name="StrStr">shell32.dll!StrStrW</hook>
	-->
	<hook name="Win32DeleteFile">shell32.dll!Win32DeleteFile</hook>
	<hook name="WriteCabinetState">shell32.dll!WriteCabinetState</hook>
	<hook name="CommitUrlCacheEntry">wininet.dll!CommitUrlCacheEntryA</hook>
	<hook name="CommitUrlCacheEntry">wininet.dll!CommitUrlCacheEntryW</hook>
	<hook name="CreateMD5SSOHash">wininet.dll!CreateMD5SSOHash</hook>
	<hook name="CreateUrlCacheEntry">wininet.dll!CreateUrlCacheEntryA</hook>
	<hook name="CreateUrlCacheEntry">wininet.dll!CreateUrlCacheEntryW</hook>
	<hook name="CreateUrlCacheGroup">wininet.dll!CreateUrlCacheGroup</hook>
	<hook name="DeleteUrlCacheEntry">wininet.dll!DeleteUrlCacheEntry</hook>
	<hook name="DeleteUrlCacheEntry">wininet.dll!DeleteUrlCacheEntryA</hook>
	<hook name="DeleteUrlCacheEntry">wininet.dll!DeleteUrlCacheEntryW</hook>
	<hook name="DeleteUrlCacheGroup">wininet.dll!DeleteUrlCacheGroup</hook>
	<hook name="DetectAutoProxyUrl">wininet.dll!DetectAutoProxyUrl</hook>
	<hook name="DllInstall">wininet.dll!DllInstall</hook>
	<hook name="FindCloseUrlCache">wininet.dll!FindCloseUrlCache</hook>
	<hook name="FindFirstUrlCacheEntry">wininet.dll!FindFirstUrlCacheEntryA</hook>
	<hook name="FindFirstUrlCacheEntry">wininet.dll!FindFirstUrlCacheEntryExA</hook>
	<hook name="FindFirstUrlCacheEntry">wininet.dll!FindFirstUrlCacheEntryExW</hook>
	<hook name="FindFirstUrlCacheEntry">wininet.dll!FindFirstUrlCacheEntryW</hook>
	<hook name="FindFirstUrlCacheGroup">wininet.dll!FindFirstUrlCacheGroup</hook>
	<hook name="FindNextUrlCacheEntry">wininet.dll!FindNextUrlCacheEntryA</hook>
	<hook name="FindNextUrlCacheEntry">wininet.dll!FindNextUrlCacheEntryExA</hook>
	<hook name="FindNextUrlCacheEntry">wininet.dll!FindNextUrlCacheEntryExW</hook>
	<hook name="FindNextUrlCacheEntry">wininet.dll!FindNextUrlCacheEntryW</hook>
	<hook name="FindNextUrlCacheGroup">wininet.dll!FindNextUrlCacheGroup</hook>
	<hook name="FtpCommand">wininet.dll!FtpCommandA</hook>
	<hook name="FtpCommand">wininet.dll!FtpCommandW</hook>
	<hook name="FtpCreateDirectory">wininet.dll!FtpCreateDirectoryA</hook>
	<hook name="FtpCreateDirectory">wininet.dll!FtpCreateDirectoryW</hook>
	<hook name="FtpDeleteFile">wininet.dll!FtpDeleteFileA</hook>
	<hook name="FtpDeleteFile">wininet.dll!FtpDeleteFileW</hook>
	<hook name="FtpFindFirstFile">wininet.dll!FtpFindFirstFileA</hook>
	<hook name="FtpFindFirstFile">wininet.dll!FtpFindFirstFileW</hook>
	<hook name="FtpGetCurrentDirectory">wininet.dll!FtpGetCurrentDirectoryA</hook>
	<hook name="FtpGetCurrentDirectory">wininet.dll!FtpGetCurrentDirectoryW</hook>
	<hook name="FtpGetFile">wininet.dll!FtpGetFileA</hook>
	<hook name="FtpGetFileEx">wininet.dll!FtpGetFileEx</hook>
	<hook name="FtpGetFileSize">wininet.dll!FtpGetFileSize</hook>
	<hook name="FtpGetFile">wininet.dll!FtpGetFileW</hook>
	<hook name="FtpOpenFile">wininet.dll!FtpOpenFileA</hook>
	<hook name="FtpOpenFile">wininet.dll!FtpOpenFileW</hook>
	<hook name="FtpPutFile">wininet.dll!FtpPutFileA</hook>
	<hook name="FtpPutFileEx">wininet.dll!FtpPutFileEx</hook>
	<hook name="FtpPutFile">wininet.dll!FtpPutFileW</hook>
	<hook name="FtpRemoveDirectory">wininet.dll!FtpRemoveDirectoryA</hook>
	<hook name="FtpRemoveDirectory">wininet.dll!FtpRemoveDirectoryW</hook>
	<hook name="FtpRenameFile">wininet.dll!FtpRenameFileA</hook>
	<hook name="FtpRenameFile">wininet.dll!FtpRenameFileW</hook>
	<hook name="FtpSetCurrentDirectory">wininet.dll!FtpSetCurrentDirectoryA</hook>
	<hook name="FtpSetCurrentDirectory">wininet.dll!FtpSetCurrentDirectoryW</hook>
	<hook name="GetUrlCacheEntryInfo">wininet.dll!GetUrlCacheEntryInfoA</hook>
	<hook name="GetUrlCacheEntryInfo">wininet.dll!GetUrlCacheEntryInfoExA</hook>
	<hook name="GetUrlCacheEntryInfo">wininet.dll!GetUrlCacheEntryInfoExW</hook>
	<hook name="GetUrlCacheEntryInfo">wininet.dll!GetUrlCacheEntryInfoW</hook>
	<hook name="GetUrlCacheGroupAttribute">wininet.dll!GetUrlCacheGroupAttributeA</hook>
	<hook name="GetUrlCacheGroupAttribute">wininet.dll!GetUrlCacheGroupAttributeW</hook>
	<hook name="GopherCreateLocator">wininet.dll!GopherCreateLocatorA</hook>
	<hook name="GopherCreateLocator">wininet.dll!GopherCreateLocatorW</hook>
	<hook name="GopherFindFirstFile">wininet.dll!GopherFindFirstFileA</hook>
	<hook name="GopherFindFirstFile">wininet.dll!GopherFindFirstFileW</hook>
	<hook name="GopherGetAttribute">wininet.dll!GopherGetAttributeA</hook>
	<hook name="GopherGetAttribute">wininet.dll!GopherGetAttributeW</hook>
	<hook name="GopherGetLocatorType">wininet.dll!GopherGetLocatorTypeA</hook>
	<hook name="GopherGetLocatorType">wininet.dll!GopherGetLocatorTypeW</hook>
	<hook name="GopherOpenFile">wininet.dll!GopherOpenFileA</hook>
	<hook name="GopherOpenFile">wininet.dll!GopherOpenFileW</hook>
	<hook name="HttpAddRequestHeaders">wininet.dll!HttpAddRequestHeadersA</hook>
	<hook name="HttpAddRequestHeaders">wininet.dll!HttpAddRequestHeadersW</hook>
	<hook name="HttpEndRequest">wininet.dll!HttpEndRequestA</hook>
	<hook name="HttpEndRequest">wininet.dll!HttpEndRequestW</hook>
	<hook name="HttpOpenRequest">wininet.dll!HttpOpenRequestA</hook>
	<hook name="HttpOpenRequest">wininet.dll!HttpOpenRequestW</hook>
	<hook name="HttpQueryInfo">wininet.dll!HttpQueryInfoA</hook>
	<hook name="HttpQueryInfo">wininet.dll!HttpQueryInfoW</hook>
	<hook name="HttpSendRequest">wininet.dll!HttpSendRequestA</hook>
	<hook name="HttpSendRequest">wininet.dll!HttpSendRequestExA</hook>
	<hook name="HttpSendRequest">wininet.dll!HttpSendRequestExW</hook>
	<hook name="HttpSendRequest">wininet.dll!HttpSendRequestW</hook>
	<hook name="InternetAttemptConnect">wininet.dll!InternetAttemptConnect</hook>
	<hook name="InternetAutodial">wininet.dll!InternetAutodial</hook>
	<hook name="InternetAutodialHangup">wininet.dll!InternetAutodialHangup</hook>
	<hook name="InternetCanonicalizeUrl">wininet.dll!InternetCanonicalizeUrlA</hook>
	<hook name="InternetCanonicalizeUrl">wininet.dll!InternetCanonicalizeUrlW</hook>
	<hook name="InternetCheckConnection">wininet.dll!InternetCheckConnectionA</hook>
	<hook name="InternetCheckConnection">wininet.dll!InternetCheckConnectionW</hook>
	<hook name="InternetClearAllPerSiteCookieDecisions">wininet.dll!InternetClearAllPerSiteCookieDecisions</hook>
	<hook name="InternetCloseHandle">wininet.dll!InternetCloseHandle</hook>
	<hook name="InternetCombineUrl">wininet.dll!InternetCombineUrlA</hook>
	<hook name="InternetCombineUrl">wininet.dll!InternetCombineUrlW</hook>
	<hook name="InternetConfirmZoneCrossing">wininet.dll!InternetConfirmZoneCrossing</hook>
	<hook name="InternetConfirmZoneCrossing">wininet.dll!InternetConfirmZoneCrossingA</hook>
	<hook name="InternetConfirmZoneCrossing">wininet.dll!InternetConfirmZoneCrossingW</hook>
	<hook name="InternetConnect">wininet.dll!InternetConnectA</hook>
	<hook name="InternetConnect">wininet.dll!InternetConnectW</hook>
	<hook name="InternetCrackUrl">wininet.dll!InternetCrackUrlA</hook>
	<hook name="InternetCrackUrl">wininet.dll!InternetCrackUrlW</hook>
	<hook name="InternetCreateUrl">wininet.dll!InternetCreateUrlA</hook>
	<hook name="InternetCreateUrl">wininet.dll!InternetCreateUrlW</hook>
	<hook name="InternetDial">wininet.dll!InternetDial</hook>
	<hook name="InternetDial">wininet.dll!InternetDialA</hook>
	<hook name="InternetDial">wininet.dll!InternetDialW</hook>
	<hook name="InternetEnumPerSiteCookieDecision">wininet.dll!InternetEnumPerSiteCookieDecisionA</hook>
	<hook name="InternetEnumPerSiteCookieDecision">wininet.dll!InternetEnumPerSiteCookieDecisionW</hook>
	<hook name="InternetErrorDlg">wininet.dll!InternetErrorDlg</hook>
	<hook name="InternetFindNextFile">wininet.dll!InternetFindNextFileA</hook>
	<hook name="InternetFindNextFile">wininet.dll!InternetFindNextFileW</hook>
	<hook name="InternetGetConnectedState">wininet.dll!InternetGetConnectedState</hook>
	<hook name="InternetGetConnectedStateEx">wininet.dll!InternetGetConnectedStateEx</hook>
	<hook name="InternetGetConnectedState">wininet.dll!InternetGetConnectedStateExA</hook>
	<hook name="InternetGetConnectedState">wininet.dll!InternetGetConnectedStateExW</hook>
	<hook name="InternetGetCookie">wininet.dll!InternetGetCookieA</hook>
	<hook name="InternetGetCookie">wininet.dll!InternetGetCookieExA</hook>
	<hook name="InternetGetCookie">wininet.dll!InternetGetCookieExW</hook>
	<hook name="InternetGetCookie">wininet.dll!InternetGetCookieW</hook>
	<hook name="InternetGetLastResponseInfo">wininet.dll!InternetGetLastResponseInfoA</hook>
	<hook name="InternetGetLastResponseInfo">wininet.dll!InternetGetLastResponseInfoW</hook>
	<hook name="InternetGetPerSiteCookieDecision">wininet.dll!InternetGetPerSiteCookieDecisionA</hook>
	<hook name="InternetGetPerSiteCookieDecision">wininet.dll!InternetGetPerSiteCookieDecisionW</hook>
	<hook name="InternetGoOnline">wininet.dll!InternetGoOnline</hook>
	<hook name="InternetGoOnline">wininet.dll!InternetGoOnlineA</hook>
	<hook name="InternetGoOnline">wininet.dll!InternetGoOnlineW</hook>
	<hook name="InternetHangUp">wininet.dll!InternetHangUp</hook>
	<hook name="InternetInitializeAutoProxyDll">wininet.dll!InternetInitializeAutoProxyDll</hook>
	<hook name="InternetLockRequestFile">wininet.dll!InternetLockRequestFile</hook>
	<hook name="InternetOpen">wininet.dll!InternetOpenA</hook>
	<hook name="InternetOpenUrl">wininet.dll!InternetOpenUrlA</hook>
	<hook name="InternetOpenUrl">wininet.dll!InternetOpenUrlW</hook>
	<hook name="InternetOpen">wininet.dll!InternetOpenW</hook>
	<hook name="InternetQueryDataAvailable">wininet.dll!InternetQueryDataAvailable</hook>
	<hook name="InternetQueryOption">wininet.dll!InternetQueryOptionA</hook>
	<hook name="InternetQueryOption">wininet.dll!InternetQueryOptionW</hook>
	<hook name="InternetReadFile">wininet.dll!InternetReadFile</hook>
	<hook name="InternetReadFile">wininet.dll!InternetReadFileExA</hook>
	<hook name="InternetReadFile">wininet.dll!InternetReadFileExW</hook>
	<hook name="InternetSetCookie">wininet.dll!InternetSetCookieA</hook>
	<hook name="InternetSetCookie">wininet.dll!InternetSetCookieExA</hook>
	<hook name="InternetSetCookie">wininet.dll!InternetSetCookieExW</hook>
	<hook name="InternetSetCookie">wininet.dll!InternetSetCookieW</hook>
	<hook name="InternetSetDialState">wininet.dll!InternetSetDialState</hook>
	<hook name="InternetSetDialState">wininet.dll!InternetSetDialStateA</hook>
	<hook name="InternetSetDialState">wininet.dll!InternetSetDialStateW</hook>
	<hook name="InternetSetFilePointer">wininet.dll!InternetSetFilePointer</hook>
	<hook name="InternetSetOption">wininet.dll!InternetSetOptionA</hook>
	<hook name="InternetSetOption">wininet.dll!InternetSetOptionExA</hook>
	<hook name="InternetSetOption">wininet.dll!InternetSetOptionExW</hook>
	<hook name="InternetSetOption">wininet.dll!InternetSetOptionW</hook>
	<hook name="InternetSetPerSiteCookieDecision">wininet.dll!InternetSetPerSiteCookieDecisionA</hook>
	<hook name="InternetSetPerSiteCookieDecision">wininet.dll!InternetSetPerSiteCookieDecisionW</hook>
	<hook name="InternetSetStatusCallback">wininet.dll!InternetSetStatusCallback</hook>
	<hook name="InternetSetStatusCallback">wininet.dll!InternetSetStatusCallbackA</hook>
	<hook name="InternetSetStatusCallback">wininet.dll!InternetSetStatusCallbackW</hook>
	<hook name="InternetTimeFromSystemTime">wininet.dll!InternetTimeFromSystemTime</hook>
	<hook name="InternetTimeFromSystemTime">wininet.dll!InternetTimeFromSystemTimeA</hook>
	<hook name="InternetTimeFromSystemTime">wininet.dll!InternetTimeFromSystemTimeW</hook>
	<hook name="InternetTimeToSystemTime">wininet.dll!InternetTimeToSystemTime</hook>
	<hook name="InternetTimeToSystemTime">wininet.dll!InternetTimeToSystemTimeA</hook>
	<hook name="InternetTimeToSystemTime">wininet.dll!InternetTimeToSystemTimeW</hook>
	<hook name="InternetUnlockRequestFile">wininet.dll!InternetUnlockRequestFile</hook>
	<hook name="InternetWriteFile">wininet.dll!InternetWriteFile</hook>
	<hook name="PrivacyGetZonePreference">wininet.dll!PrivacyGetZonePreferenceW</hook>
	<hook name="PrivacySetZonePreference">wininet.dll!PrivacySetZonePreferenceW</hook>
	<hook name="ReadUrlCacheEntryStream">wininet.dll!ReadUrlCacheEntryStream</hook>
	<hook name="ResumeSuspendedDownload">wininet.dll!ResumeSuspendedDownload</hook>
	<hook name="RetrieveUrlCacheEntryFile">wininet.dll!RetrieveUrlCacheEntryFileA</hook>
	<hook name="RetrieveUrlCacheEntryFile">wininet.dll!RetrieveUrlCacheEntryFileW</hook>
	<hook name="RetrieveUrlCacheEntryStream">wininet.dll!RetrieveUrlCacheEntryStreamA</hook>
	<hook name="RetrieveUrlCacheEntryStream">wininet.dll!RetrieveUrlCacheEntryStreamW</hook>
	<hook name="SetUrlCacheEntryGroup">wininet.dll!SetUrlCacheEntryGroup</hook>
	<hook name="SetUrlCacheEntryGroup">wininet.dll!SetUrlCacheEntryGroupA</hook>
	<hook name="SetUrlCacheEntryGroup">wininet.dll!SetUrlCacheEntryGroupW</hook>
	<hook name="SetUrlCacheEntryInfo">wininet.dll!SetUrlCacheEntryInfoA</hook>
	<hook name="SetUrlCacheEntryInfo">wininet.dll!SetUrlCacheEntryInfoW</hook>
	<hook name="SetUrlCacheGroupAttribute">wininet.dll!SetUrlCacheGroupAttributeA</hook>
	<hook name="SetUrlCacheGroupAttribute">wininet.dll!SetUrlCacheGroupAttributeW</hook>
	<hook name="UnlockUrlCacheEntryFile">wininet.dll!UnlockUrlCacheEntryFile</hook>
	<hook name="UnlockUrlCacheEntryFile">wininet.dll!UnlockUrlCacheEntryFileA</hook>
	<hook name="UnlockUrlCacheEntryFile">wininet.dll!UnlockUrlCacheEntryFileW</hook>
	<hook name="UnlockUrlCacheEntryStream">wininet.dll!UnlockUrlCacheEntryStream</hook>
	<hook name="ReadFile">kernel32.dll!ReadFile</hook>
	<hook name="ReadFileEx">kernel32.dll!ReadFileEx</hook>
	<hook name="CreateWindowExW">user32.dll!CreateWindowExW</hook>
	<hook name="RegisterClassW">user32.dll!RegisterClassW</hook>
	<hook name="RegisterClassExW">user32.dll!RegisterClassExW</hook>
	<hook name="GetWindowTextW">user32.dll!GetWindowTextW</hook>
	<hook name="NtRaiseException">ntdll.dll!NtRaiseException</hook>
	<hook name="NtRaiseHardError">ntdll.dll!NtRaiseHardError</hook>
	<hook name="RtlUnhandledExceptionFilter2">ntdll.dll!RtlUnhandledExceptionFilter2</hook>
</hooks>
